-1,-1,-1,-1,-1,-1,-1,-1,-1,-1,-1,-1,-1,-1,-1,-1,-1,-1,-1,-1,-1,-1,-1,-1,-1,143,-1,-1,-1,-1,-1,-1,116,117,-1,118,119,-1,-1,-1,-1,116,117,-1,74,-1,-1,116,117,-1,-1,-1,-1,-1,-1,-1,-1,-1,-1,-1
-1,-1,-1,-1,-1,-1,-1,-1,-1,-1,-1,-1,-1,-1,-1,-1,-1,-1,-1,-1,-1,-1,-1,-1,-1,143,-1,-1,-1,-1,-1,-1,136,137,-1,138,139,104,105,106,-1,136,137,16,17,18,19,136,137,-1,-1,-1,-1,-1,-1,-1,-1,-1,-1,-1
-1,-1,-1,-1,-1,-1,-1,-1,-1,-1,-1,-1,-1,-1,-1,-1,-1,-1,-1,-1,-1,-1,-1,-1,-1,183,-1,-1,-1,-1,-1,-1,156,157,-1,158,159,-1,16,17,18,156,157,36,37,38,39,156,157,-1,-1,-1,-1,-1,-1,-1,-1,-1,-1,-1
-1,-1,-1,-1,-1,-1,-1,-1,-1,-1,-1,-1,-1,-1,-1,-1,-1,-1,-1,-1,-1,-1,-1,-1,-1,-1,-1,-1,-1,-1,-1,-1,-1,-1,75,17,18,19,36,37,38,39,-1,56,57,58,59,-1,-1,-1,-1,-1,-1,-1,-1,-1,-1,-1,-1,-1
-1,-1,-1,-1,-1,-1,-1,-1,-1,-1,-1,-1,-1,-1,-1,-1,-1,-1,-1,-1,16,17,18,19,-1,-1,-1,-1,-1,-1,-1,-1,-1,-1,36,37,38,39,56,57,58,59,55,76,77,78,79,-1,-1,-1,-1,-1,-1,-1,-1,-1,-1,-1,-1,-1
-1,-1,-1,-1,-1,-1,-1,-1,-1,-1,-1,-1,-1,-1,-1,-1,-1,-1,-1,-1,36,37,38,39,-1,-1,-1,-1,-1,-1,-1,-1,-1,-1,56,57,58,59,76,77,78,79,74,96,97,98,99,-1,-1,-1,-1,-1,-1,-1,-1,-1,-1,-1,-1,-1
-1,-1,-1,-1,-1,-1,-1,-1,-1,-1,-1,-1,-1,-1,-1,-1,-1,-1,-1,-1,56,57,58,59,-1,-1,53,-1,-1,-1,-1,-1,-1,-1,76,77,78,118,119,97,98,99,53,54,-1,-1,-1,-1,-1,-1,-1,-1,-1,-1,-1,-1,-1,-1,-1,-1
-1,-1,-1,-1,-1,-1,-1,-1,-1,-1,-1,-1,-1,-1,-1,-1,-1,-1,74,-1,76,77,78,79,-1,54,-1,-1,-1,-1,-1,-1,-1,-1,96,97,98,138,139,-1,-1,-1,-1,-1,-1,-1,-1,-1,-1,-1,-1,-1,-1,-1,-1,-1,-1,-1,-1,-1
-1,-1,-1,-1,-1,-1,-1,-1,-1,-1,-1,-1,-1,-1,-1,-1,-1,-1,-1,-1,96,97,98,99,-1,-1,-1,-1,-1,-1,-1,-1,-1,-1,-1,-1,-1,158,159,-1,-1,-1,-1,-1,-1,-1,-1,-1,-1,-1,-1,-1,-1,-1,-1,-1,-1,-1,-1,-1
-1,-1,-1,-1,-1,-1,-1,-1,-1,-1,-1,-1,-1,-1,-1,-1,-1,-1,-1,74,-1,-1,-1,-1,-1,-1,-1,-1,-1,-1,-1,-1,-1,-1,-1,-1,-1,-1,-1,-1,-1,-1,-1,-1,-1,-1,-1,-1,-1,-1,-1,-1,-1,-1,-1,-1,-1,-1,-1,-1
-1,-1,-1,-1,-1,-1,-1,-1,-1,-1,-1,-1,-1,-1,-1,-1,73,-1,-1,-1,-1,-1,-1,-1,-1,73,-1,-1,-1,-1,-1,-1,-1,-1,-1,-1,-1,-1,-1,-1,-1,-1,-1,-1,-1,-1,-1,-1,-1,-1,-1,-1,-1,-1,-1,-1,-1,-1,-1,-1
-1,-1,-1,-1,-1,-1,-1,-1,-1,-1,-1,-1,-1,-1,-1,-1,-1,-1,-1,-1,-1,74,-1,-1,-1,-1,-1,75,-1,-1,-1,-1,-1,-1,-1,-1,-1,-1,-1,-1,-1,-1,-1,-1,-1,-1,-1,-1,-1,-1,-1,-1,-1,-1,-1,-1,-1,-1,-1,-1
-1,-1,-1,-1,-1,-1,-1,-1,-1,-1,-1,-1,75,-1,104,105,106,-1,-1,-1,-1,-1,-1,-1,-1,-1,-1,-1,-1,-1,-1,-1,-1,-1,-1,-1,-1,-1,-1,-1,-1,-1,-1,-1,-1,-1,-1,-1,-1,-1,-1,-1,-1,-1,-1,-1,-1,-1,-1,-1
-1,-1,-1,-1,-1,-1,-1,-1,-1,-1,-1,-1,-1,-1,-1,-1,-1,-1,-1,-1,-1,-1,-1,-1,-1,-1,-1,-1,-1,-1,-1,-1,-1,-1,-1,-1,-1,-1,-1,-1,-1,-1,-1,-1,-1,-1,-1,-1,-1,-1,-1,-1,-1,-1,-1,-1,-1,-1,-1,-1
-1,-1,-1,-1,-1,-1,-1,-1,-1,-1,-1,-1,-1,-1,-1,-1,-1,73,-1,-1,-1,-1,-1,-1,-1,-1,-1,-1,-1,-1,-1,-1,-1,-1,-1,-1,-1,-1,-1,-1,-1,-1,-1,-1,-1,-1,-1,-1,-1,-1,-1,-1,-1,-1,-1,-1,-1,-1,-1,-1
-1,-1,-1,-1,-1,-1,-1,-1,-1,-1,73,-1,-1,-1,-1,-1,-1,-1,-1,-1,-1,-1,-1,-1,-1,-1,-1,-1,-1,-1,-1,-1,-1,-1,-1,-1,-1,-1,-1,-1,-1,-1,-1,-1,-1,-1,-1,-1,-1,-1,-1,-1,-1,-1,-1,-1,-1,-1,-1,-1
16,17,18,19,-1,-1,55,-1,55,-1,-1,-1,-1,-1,-1,75,-1,-1,-1,-1,-1,-1,-1,-1,-1,-1,-1,-1,-1,-1,-1,-1,-1,-1,-1,-1,-1,-1,-1,-1,-1,-1,-1,-1,-1,-1,104,105,106,-1,-1,-1,-1,-1,-1,-1,-1,-1,-1,-1
36,37,38,39,-1,-1,-1,-1,-1,-1,-1,-1,-1,-1,-1,-1,-1,-1,-1,-1,-1,-1,-1,-1,-1,-1,-1,74,-1,-1,-1,-1,-1,-1,-1,-1,-1,104,105,106,-1,-1,-1,-1,-1,-1,-1,-1,-1,-1,-1,104,105,106,-1,-1,-1,-1,-1,-1
56,57,58,59,116,117,-1,-1,-1,-1,93,-1,-1,-1,-1,-1,-1,-1,-1,-1,-1,-1,-1,73,-1,-1,-1,-1,73,-1,-1,-1,-1,-1,-1,-1,-1,-1,-1,-1,-1,-1,-1,-1,-1,-1,-1,-1,16,17,18,19,-1,-1,-1,-1,-1,-1,-1,-1
76,77,78,79,136,137,-1,-1,-1,-1,-1,-1,55,-1,-1,-1,-1,-1,-1,-1,-1,-1,-1,-1,-1,-1,-1,-1,-1,-1,-1,-1,-1,-1,-1,-1,-1,-1,-1,-1,-1,-1,104,105,106,-1,-1,-1,36,37,38,39,-1,-1,-1,-1,-1,-1,-1,-1
96,97,98,99,156,157,-1,-1,104,105,106,-1,-1,-1,-1,-1,-1,-1,-1,-1,-1,-1,-1,74,-1,-1,-1,-1,-1,-1,-1,-1,-1,-1,-1,-1,-1,-1,-1,-1,-1,-1,-1,16,17,18,19,-1,56,57,58,59,-1,-1,-1,-1,-1,-1,-1,-1
16,17,18,19,-1,-1,-1,-1,54,-1,-1,-1,-1,-1,-1,-1,-1,-1,-1,-1,-1,-1,-1,-1,-1,74,-1,-1,-1,-1,-1,-1,-1,-1,-1,104,105,106,-1,-1,-1,116,117,36,37,38,39,-1,76,77,78,79,74,-1,-1,-1,-1,-1,-1,-1
36,37,38,39,-1,-1,-1,-1,-1,-1,-1,-1,-1,-1,-1,-1,-1,-1,-1,-1,-1,-1,-1,-1,-1,-1,-1,-1,75,-1,-1,-1,-1,-1,-1,-1,-1,-1,73,-1,-1,136,137,56,57,58,59,74,16,17,18,74,-1,-1,-1,-1,-1,-1,-1,-1
56,57,58,59,-1,-1,-1,-1,-1,-1,-1,-1,-1,-1,-1,-1,-1,-1,-1,-1,-1,73,-1,-1,-1,-1,-1,-1,-1,-1,-1,-1,-1,-1,-1,-1,-1,-1,-1,53,-1,156,157,76,77,78,79,-1,36,37,38,39,104,105,106,-1,-1,-1,-1,-1
76,77,78,79,-1,53,-1,-1,-1,-1,-1,-1,-1,-1,-1,-1,73,-1,-1,-1,-1,-1,-1,-1,73,-1,-1,73,-1,-1,-1,-1,-1,-1,-1,-1,-1,-1,75,16,17,18,19,96,97,98,53,53,56,57,58,59,-1,-1,-1,-1,-1,-1,-1,-1
96,97,98,99,54,-1,-1,-1,-1,-1,-1,-1,-1,-1,-1,-1,-1,-1,-1,-1,-1,-1,-1,-1,-1,-1,-1,-1,-1,-1,-1,-1,-1,-1,-1,-1,-1,-1,-1,36,37,38,39,53,16,17,18,19,76,77,78,79,-1,-1,-1,-1,-1,-1,-1,-1
-1,-1,-1,-1,-1,-1,-1,-1,-1,-1,-1,-1,-1,-1,-1,-1,-1,-1,-1,-1,-1,74,-1,-1,-1,-1,-1,-1,-1,-1,-1,-1,-1,-1,-1,-1,-1,53,-1,56,57,58,59,-1,36,37,38,39,74,97,98,74,-1,-1,-1,-1,-1,-1,-1,-1
-1,-1,-1,-1,-1,-1,-1,-1,-1,-1,-1,-1,-1,-1,-1,75,-1,-1,-1,-1,-1,-1,-1,104,105,106,-1,-1,-1,-1,-1,-1,-1,-1,-1,-1,-1,-1,-1,76,77,78,79,55,56,57,58,59,-1,53,-1,-1,-1,-1,-1,-1,-1,-1,-1,-1
-1,-1,-1,-1,-1,-1,-1,-1,-1,-1,-1,-1,-1,-1,-1,-1,-1,-1,-1,73,-1,-1,-1,-1,74,-1,-1,-1,-1,-1,-1,-1,-1,-1,-1,-1,73,-1,53,96,97,98,75,-1,76,77,78,79,-1,75,-1,-1,53,-1,-1,-1,-1,-1,-1,-1
-1,-1,-1,-1,-1,-1,-1,-1,-1,-1,-1,-1,73,-1,-1,-1,-1,-1,-1,-1,74,-1,-1,-1,-1,-1,-1,-1,-1,-1,-1,-1,-1,-1,73,16,17,18,19,75,16,17,18,19,96,97,98,53,-1,16,17,18,19,-1,-1,-1,-1,-1,-1,-1
-1,-1,-1,-1,-1,-1,-1,-1,-1,-1,-1,-1,-1,-1,-1,-1,54,-1,-1,-1,-1,-1,-1,-1,-1,73,-1,-1,-1,-1,-1,-1,-1,-1,-1,36,37,38,39,-1,36,37,38,39,36,37,38,39,-1,36,37,38,39,-1,-1,-1,-1,-1,-1,-1
-1,-1,-1,-1,-1,-1,-1,-1,-1,53,-1,-1,-1,-1,-1,-1,-1,-1,-1,53,-1,-1,-1,-1,-1,-1,-1,-1,-1,-1,-1,-1,-1,-1,-1,56,57,58,59,-1,56,57,58,59,56,57,58,59,-1,56,57,58,59,104,105,106,-1,-1,-1,-1
-1,-1,-1,-1,-1,-1,-1,-1,-1,-1,-1,-1,-1,-1,75,-1,-1,-1,-1,-1,-1,-1,-1,-1,-1,-1,-1,-1,-1,-1,-1,-1,-1,73,-1,76,77,78,79,-1,76,77,78,79,76,77,78,79,-1,76,77,78,79,-1,-1,-1,-1,-1,-1,-1
-1,-1,-1,-1,-1,-1,-1,-1,75,-1,-1,-1,-1,-1,-1,-1,-1,-1,-1,-1,-1,-1,54,-1,-1,-1,-1,-1,-1,-1,-1,-1,-1,74,-1,74,97,98,104,105,106,97,98,74,96,97,98,99,74,96,97,98,104,105,106,-1,-1,-1,-1,-1
